Subreddit,Members,Description
Finance,488142,"Welcome to r/Finance!

No Personal Finance, Homework, Personal blogs, or Career-related posts. 

All questions go in Monday Morning catch-all threads."
Stocks,2641233,"Almost any post related to stocks is welcome on /r/stocks.  Don't hesitate to tell us about a ticker we should know about, but read the sidebar rules before you post. 

Check out our wiki and Discord!"
Bitcoin,2928072,"A community dedicated to Bitcoin, the currency of the Internet. Bitcoin is a distributed, worldwide, decentralized digital money. Bitcoins are issued and managed without any central authority whatsoever: there is no government, company, or bank in charge of Bitcoin. You might be interested in Bitcoin if you like cryptography, distributed peer-to-peer systems, or economics. A large percentage of Bitcoin enthusiasts are libertarians, though people of all political philosophies are welcome."
SecurityAnalysis,165039,Welcome to SecurityAnalysis
Wallstreetbetsnew,816480,This is the public Wall Street Bets Sub!
StocksAndTrading,68957,This is a place to discuss stocks on all exchanges and trading of mutuals/stocks/EMFs. 
PennystocksDD,28348,"A community dedicated to posting DD, asking questions, and making money! =) (We are not claiming to be financial advisors or responsible for your gains/losses. Invest at your own risk and research all DD provided here.)"
PennyStocks,1544876,"A place to discuss penny stocks freely. Please keep in mind that this is an open forum, and advice from Reddit may not be in your best interest."
algotrading,1138384,"A place for redditors to discuss quantitative trading, statistical methods, econometrics, programming, implementation, automated strategies, and bounce ideas off each other for constructive criticism. Feel free to submit papers/links of things you find interesting."
babystreetbets,12334,"Small accounts, big bets!"
Economics,1444820,"News and discussion about economics, from the perspective of economists."
ASX_Bets,69935,"An Australian equivalent to /r/Wallstreetbets , the madness starts here. Trying to Balance out our lost super one bunnings sausage at a time."
antstreetbets,6166,If an ant found a Bloomberg terminal.
quant,20234,For all you quants out there!
weedstocks,217143,"Business news, resources, research, and investment discussion for publicly traded cannabis related stocks."
investing,1839541,
Economy,557725,"A mostly unmoderated forum for economy, business, politics, stocks, bonds, product releases, IPOs, advice, news, investment, videos, predictions, government, money, politics, debate, capitalism, current trends, and more."
shortinterestbets,2116,Catch Wall Street's Mistakes
thetagang,119906,We are selling options to WSB degenerates using thetagang strategies!  🐌 🐌 🐌
Pennystocks,1544876,"A place to discuss penny stocks freely. Please keep in mind that this is an open forum, and advice from Reddit may not be in your best interest."
InvestingRetards,1589,"Join the investing revolution, new age investing in PROGRESS."
wallstreetbet,12965,
wallstreetbetsoptions,17695,
econmonitor,25463,"Follow macroeconomic data releases and professional commentary. No news articles, no media outlets, no opinion pieces. Commentary must come from a major financial institution."
Wallstreetwarrior,3463,If the 300 Spartans fought with hedge trimmers
StockMarket,1468606,"Welcome to /r/StockMarket! Our objective is to provide short and mid term trade ideas, market analysis & commentary for active traders and investors. Posts about equities, options, forex, futures, analyst upgrades & downgrades, technical and fundamental analysis, and the stock market in general are all welcome."
Dividends,159577,A community by and for dividend growth investors.  Let's make money together!
wallstreetbets2,81800,cuz wllstreetbets mods are bad (still)
Trading,69575,Short the world at your own peril.
WSBAfterHours,39907,A place for autists with the same mentality. A spin off of WSB but with less foreign stocks and shit stocks.
smallstreetbets,222656,"Like 4chan found $5. Ever wanted to learn how to trade options AND share your progress with people online, but you're too poor for WSB? If so, you've come to the right place."
retardbets,2881,"Like wsb and Helen Keller had a baby

a.k.a. the business class section of the wsb 747"
finance,488142,"Welcome to r/Finance!

No Personal Finance, Homework, Personal blogs, or Career-related posts. 

All questions go in Monday Morning catch-all threads."
InvestmentClub,61446,"Where a virtual crowdsourced investment club manages a virtual $10M portfolio based on value and growth investing. Portfolio holdings are decided on by community pitches, discussions, and votes. We are now accepting stock pitches. Please submit your pitch to the moderators."
stocks,2641235,"Almost any post related to stocks is welcome on /r/stocks.  Don't hesitate to tell us about a ticker we should know about, but read the sidebar rules before you post. 

Check out our wiki and Discord!"
IndianStreetBets,32265,"India's fastest growing trading community!

Discord. Reddit. YouTube. Twitter. Instagram."
wallstreetsidebets,8568,Welcome Austists. Consider this your side chick
Stock_Picks,99176,"Stock_Picks: The place to discuss day trading, stock watching, investment advice, and more"
baystreetbets,36762,“You will get rich quick. We all will!” ~ Michael Scott
ameisenstrassenwetten,7537,Als hätte 4chan ein Bloomberg Terminal gefunden; Aber auf deutsch und mit kleinen Gewinnen/Verlusten!
wallstreetbets_,55249,
ISKbets,8720,"I sann Wallstreetbets-anda kan du här vinna eller förlora pengar med vänner! Se dig omkring, luta dig tillbaka och häng med på resan! 🚀🚀 Aktier, optioner, krypto, fonder, mm"
quantfinance,8727,
stonks,44900,For all traders of stonks
GlobalMarkets,210,"Economics, Equities & Financial Markets:  Headlines from across the globe."
Investing,1839541,
Daytrading,549044,"Daytrading futures, forex, stocks, etc."
WallStreetbetsELITE,395810,You have found the place. We don't moderate (much). Enjoy actual free discussion.
RobinHoodPennyStocks,572143,Penny stocks available to trade in the RobinHood mobile stock trading app.
DayTrading,549044,"Daytrading futures, forex, stocks, etc."
CanadianInvestor,183759,"Canadians Interested in investing and looking at opportunity in the market besides being a potato. Discussion would be geared around any investment opportunities a Canadian has access to. Questions regarding individual companies, ETFs, Tax implications, Index Investing, and more...


For penny stocks, please visit: r/canadapennystocks"
pennystocks,1544878,"A place to discuss penny stocks freely. Please keep in mind that this is an open forum, and advice from Reddit may not be in your best interest."
Options,768276,"Let's Talk About:     
Options Fundamentals     --  
The Greeks    --  
Strategies     --  
Current Plays and Ideas      --  
Q&A  --   
**New Traders**: See the [Options Questions Safe Haven thread](https://www.reddit.com/r/options/wiki/faq/subreddit_resources)"
AlgoTrading,1138384,"A place for redditors to discuss quantitative trading, statistical methods, econometrics, programming, implementation, automated strategies, and bounce ideas off each other for constructive criticism. Feel free to submit papers/links of things you find interesting."
MoonBets,24707,"WE ARE NOT SELLING.
Fueled by Stocks & Crypto."
algorithmictrading,6714,
farialimabets,13677,"Subdesenvolvimento, agora também no mercado financeiro."
Wallstreetsilver,80097,"We are a community that loves Silver, Period."
wallstreetbets,10144843,Like 4chan found a Bloomberg Terminal
Cryptocurrency,2839763,"The leading community for cryptocurrency news, discussion, and analysis."
UKInvesting,46853,"Welcome to /r/UKInvesting, a subreddit for thoughtful discussion of active investing strategies and tactics."
ausstocks,35685,A place for Australians to discuss securities within Australia and abroad.
WallStreetBets,10144844,Like 4chan found a Bloomberg Terminal
dividends,159577,A community by and for dividend growth investors.  Let's make money together!
